<?xml version="1.0" encoding="UTF-8"?>
<!DOCTYPE configuration PUBLIC "-//mybatis.org//DTD Config 3.0//EN"
    "http://mybatis.org/dtd/mybatis-3-config.dtd">
    
<configuration>
    <typeAliases>
        <typeAlias alias="Mahasiswa" type="com.fti.pl.models.Mahasiswa"/>
    </typeAliases>
    
    <environments default="development">
        <environment id="development">
            <transactionManager type="JDBC"/>
            <dataSource type="POOLED">
                <property name="driver" value="com.mysql.jdbc.Driver"/>
                <property name="url" value="jdbc:mysql://localhost:3306/fti_pl"/>
                <property name="username" value="root"/>
                <property name="password" value=""/>
            </dataSource>
        </environment>
    </environments>
    
    <mappers>
        <mapper resource="com/fti/pl/mappers/MahasiswaMapper.xml"/>
    </mappers>
</configuration>