<?xml version="1.0" encoding="UTF-8"?>
<project-private xmlns="http://www.netbeans.org/ns/project-private/1">
    <editor-bookmarks xmlns="http://www.netbeans.org/ns/editor-bookmarks/2" lastBookmarkId="0"/>
    <open-files xmlns="http://www.netbeans.org/ns/projectui-open-files/2">
        <group name="PL">
            <file>file:/D:/JavaProjects/PL_JSF_MyBatis_HelloWorld/src/java/com/fti/pl/config/ConfigMyBatis.xml</file>
            <file>file:/D:/JavaProjects/PL_JSF_MyBatis_HelloWorld/src/java/com/fti/pl/mappers/MahasiswaMapper.xml</file>
            <file>file:/D:/JavaProjects/PL_JSF_MyBatis_HelloWorld/src/java/com/fti/pl/beans/MahasiswaBean.java</file>
            <file>file:/D:/JavaProjects/PL_JSF_MyBatis_HelloWorld/src/java/com/fti/pl/models/Mahasiswa.java</file>
            <file>file:/D:/JavaProjects/PL_JSF_MyBatis_HelloWorld/web/index.xhtml</file>
        </group>
    </open-files>
</project-private>
