<?xml version="1.0" encoding="UTF-8"?>
<project-private xmlns="http://www.netbeans.org/ns/project-private/1">
    <editor-bookmarks xmlns="http://www.netbeans.org/ns/editor-bookmarks/2" lastBookmarkId="0"/>
    <open-files xmlns="http://www.netbeans.org/ns/projectui-open-files/2">
        <group name="PL">
            <file>file:/D:/JavaProjects/PL_JSP/web/session/secondPage.jsp</file>
            <file>file:/D:/JavaProjects/PL_JSP/web/session/index.jsp</file>
            <file>file:/D:/JavaProjects/PL_JSP/web/session/doProcess.jsp</file>
        </group>
    </open-files>
</project-private>
