<?xml version="1.0" encoding="UTF-8"?>
<project-private xmlns="http://www.netbeans.org/ns/project-private/1">
    <editor-bookmarks xmlns="http://www.netbeans.org/ns/editor-bookmarks/2" lastBookmarkId="0"/>
    <open-files xmlns="http://www.netbeans.org/ns/projectui-open-files/2">
        <group name="PL">
            <file>file:/D:/JavaProjects/PL_AbstractFactoryPattern/src/pl_abstractfactorypattern/PL_AbstractFactoryPattern.java</file>
            <file>file:/D:/JavaProjects/PL_AbstractFactoryPattern/src/pl_abstractfactorypattern/shape/Square.java</file>
            <file>file:/D:/JavaProjects/PL_AbstractFactoryPattern/src/pl_abstractfactorypattern/color/Red.java</file>
            <file>file:/D:/JavaProjects/PL_AbstractFactoryPattern/src/pl_abstractfactorypattern/FactoryProducer.java</file>
            <file>file:/D:/JavaProjects/PL_AbstractFactoryPattern/src/pl_abstractfactorypattern/color/Green.java</file>
            <file>file:/D:/JavaProjects/PL_AbstractFactoryPattern/src/pl_abstractfactorypattern/shape/Circle.java</file>
            <file>file:/D:/JavaProjects/PL_AbstractFactoryPattern/src/pl_abstractfactorypattern/ShapeFactory.java</file>
            <file>file:/D:/JavaProjects/PL_AbstractFactoryPattern/src/pl_abstractfactorypattern/Color.java</file>
            <file>file:/D:/JavaProjects/PL_AbstractFactoryPattern/src/pl_abstractfactorypattern/color/Blue.java</file>
            <file>file:/D:/JavaProjects/PL_AbstractFactoryPattern/src/pl_abstractfactorypattern/Shape.java</file>
            <file>file:/D:/JavaProjects/PL_AbstractFactoryPattern/src/pl_abstractfactorypattern/AbstractFactory.java</file>
            <file>file:/D:/JavaProjects/PL_AbstractFactoryPattern/src/pl_abstractfactorypattern/ColorFactory.java</file>
            <file>file:/D:/JavaProjects/PL_AbstractFactoryPattern/src/pl_abstractfactorypattern/shape/Rectangle.java</file>
        </group>
    </open-files>
</project-private>
